"id","user",promoted","sticky","workflow"
"16","alan","0","0","visible"
"12","berta","0","0","visible"
"22","bridget","0","0","visible"
"14","charlie","0","0","visible"
"11","chelsea","0","0","visible"
"23","eldridge","0","0","visible"
"20","evelyn","0","0","visible"
"7","herb","0","0","visible"
"15","jake","0","0","visible"
"9","judith","0","0","visible"
"10","kandi","0","0","visible"
"8","lyndsey","0","0","visible"
"21","rose","0","0","visible"
"13","walden","0","0","visible"
"24","zoey","0","0","visible"
